2001: uma odisseia no espaço;ficcao
50 ideias de filosofia que voce precisa conhecer;filosofia
A condição humana;filosofia
A gramática para concursos públicos;educacao
A invenção de morel;ficcao
A psicologia financeira;educacao
A sociedade do espetáculo;filosofia
A sutil arte de ligar o f*da-se;autoajuda
A útopia;filosofia
A vantagem humana;educacao
Adm por competencias, Você gestor;administracao
Administração de materiais;administracao
Administração de processos;administracao
Administração estratégica;administracao
Admirável mundo novo;ficcao
Alice no país das maravilhas;infantil
Androides sonham com ovelhas elétricas;ficcao
Aprendendo a viver;filosofia
Aprendizagem baseada em Projetos;educacao
As 48 leis do poder;educacao
As aventuras de pinoquio;infantil
As leis da natureza humana;educacao
Assim falou zaratustra;filosofia
Atitude mentaal positiva;educacao
Atitude positiva diária;autoajuda
Ações para a qualidade;administracao
Bíblia sagrada;religiao
Comece pelo porque;autoajuda
Como as democracias morrem;educacao
Como convencer alguem em 90 segundos;autoajuda
Como passar na OAB;educacao
Contabilidade para executivos;administracao
Contágio;educacao
Convite a filosofia;administracao
Crítica da razão pura;filosofia
Da pequena toupeira que queria saber quem tinha feito coco na cabeca dela;infantil
Despertar, um guia para a espiritualidade sem religiao;religiao
Erosão e conservação dos solos;educacao
Escravidão;educacao
Essencialismo;educacao
Ética a nicômaco;filosofia
Eu sou malala;educacao
Exercícios práticos para estimular a M3MÓRI4;educacao
Farenheit 451;ficcao
Frankenstein;ficcao
Genética para leigos;educacao
Gestão da qualidade, Teoria e Prática;administracao
Gestão de crises e comunicação;administracao
Inovando no brasil;administracao
Inteligência em concursos;educacao
Introdução a teoria geral da administração;administracao
Introdução ao pensamento complexo;filosofia
Kindred laços de sangue;ficcao
Mais esperto que o diabo;autoajuda
Máquinas para a peruária;educacao
Marcelo, marmelo, martelo;infantil
Matemática financeira e suas aplicações;administracao
Memórias do subsolo;filosofia
Mundo das flores;educacao
Nietzsche para estressados;filosofia
No coração da vida;religiao
O alcorão sagrado;religiao
O caminho budista;religiao
O evangelho segundo jesus cristo;religiao
O evangelho segundo o espiritismo;religiao
O gato malhado e a andorinha sinha;infantil
O heroi de mil faces;religiao
O jeito HARVAR de ser feliz;educacao
O livro da ecologia;educacao
O livro da filosofia;filosofia
O Livro das Virtudes;filosofia
O meu pé de laranja lima;infantil
O mundo de sofia;filosofia
O poder do hábito;autoajuda
Os despossuídos;ficcao
Ou isto ou aquilo;infantil
Plantas que curam;educacao
Por que fazemos o que fazemos;filosofia
Primavera silenciosa;educacao
Qualidade total em serviços, Conceitos, Exercícios, Casos práticos;administracao
Quando nietzsche chorou;filosofia
Queime depois de escrever;educacao
Redação empresarial;administracao
Reinações de narizinho;infantil
Relações internacionais;educacao
Sala de Aula Invertida;educacao
Seja foda!;autoajuda
programação com zildomar;educacao
Sementes de uma nova geração;educacao
Sob os temposdo do equinónio;educacao
Tambores de angola;religiao
Um estranho numa terra estranha;ficcao
Uma breve história da filosofia;filosofia
Uma lagarta muito comilona;infantil
