Gestão de crises e comunicação;2022-09-14
Da pequena toupeira que queria saber quem tinha feito coco na cabeca dela;2022-09-14
O gato malhado e a andorinha sinha;2022-09-14
O caminho budista;2022-09-14
Marcelo, marmelo, martelo;2022-09-14
Mais esperto que o diabo;2022-09-14
Ou isto ou aquilo;2022-09-14
O meu pé de laranja lima;2022-09-15
Reinações de narizinho;2022-09-15
Uma breve história da filosofia;2022-09-15
Admirável mundo novo;2022-09-16
Redação empresarial;2022-09-17
Um estranho numa terra estranha;2022-09-17
Como convencer alguem em 90 segundos;2022-09-17
2001: uma odisseia no espaço;2022-09-17
Androides sonham com ovelhas elétricas;2022-09-17
Qualidade total em serviços ? Conceitos, Exercícios, Casos práticos;2022-09-17
Os despossuídos;2022-09-17
A invenção de morel;2022-09-17
O poder do hábito;2022-09-17
Adm por competencias ? Você gestor;2022-09-17
A sutil arte de ligar o f*da-se;2022-09-18
O mundo de sofia;2022-09-19
Seja foda!;2022-09-19
O heroi de mil faces;2022-09-19
Atitude positiva diária;2022-09-19
Comece pelo porque;2022-09-19
Nietzsche para estressados;2022-09-19
Introdução a teoria geral da administração;2022-09-19
Ações para a qualidade;2022-09-20
Matemática financeira e suas aplicações;2022-09-20
Administração de materiais;2022-09-20
50 ideias de filosofia que voce precisa conhecer;2022-09-20
Gestão da qualidade? Teoria e Prática;2022-09-20
Crítica da razão pura;2022-09-20
Administração estratégica;2022-09-20
Administração de processos;2022-09-20
Assim falou zaratustra;2022-09-20
Contabilidade para executivos;2022-09-20
A sociedade do espetáculo;2022-09-21
Convite a filosofia;2022-09-21
O livro da filosofia;2022-09-21
Ética a nicômaco;2022-09-22
Aprendendo a viver;2022-09-22
Por que fazemos o que fazemos;2022-09-22
A condição humana;2022-09-23
O evangelho segundo o espiritismo;2022-09-23
Tambores de angola;2022-09-23
Despertar, um guia para a espiritualidade sem religiao;2022-09-23
Bíblia sagrada;2022-09-24
O alcorão sagrado;2022-09-24
O evangelho segundo jesus cristo;2022-09-24
Como passar na OAB;2022-09-24
A gramática para concursos públicos;2022-09-24
Inteligência em concursos;2022-09-24
Relações internacionais;2022-09-24
As leis da natureza humana;2022-09-24
Primavera silenciosa;2022-09-24
O livro da ecologia;2022-09-24
Contágio;2022-09-24
A vantagem humana;2022-09-24
Genética para leigos;2022-09-24
Sementes de uma nova geração;2022-09-26
Plantas que curam;2022-09-26
Sob os temposdo do equinónio;2022-09-26
Erosão e conservação dos solos;2022-09-26
Máquinas para a peruária;2022-09-26
As 48 leis do poder;2022-09-26
A psicologia financeira;2022-09-26
Princípios de Economia, Abordagem Didática e Multidisciplinar;2022-09-26
Como as democracias morrem;2022-09-26
Queime depois de escrever;2022-09-26
Escravidão;2022-09-26
Exercícios práticos para estimular a M3MÓRI4;2022-09-26
Eu sou malala;2022-09-26
Mundo das flores;2022-09-27
O Livro das Virtudes;2022-09-27
Aprendizagem baseada em Projetos;2022-09-27
Sala de Aula Invertida;2022-09-27
Atitude mentaal positiva;2022-09-27
O jeito HARVAR de ser feliz;2022-09-27
Trabalhe 4 Horas Por Semana;2022-09-27
As 5 Linguagens do Amor;2022-09-27
